{
  "project_info": {
    "project_number": "168693674119",
    "project_id": "kiit-anon-chat",
    "storage_bucket": "kiit-anon-chat.appspot.com"
  },
  "client": [
    {
      "client_info": {
        "mobilesdk_app_id": "1:168693674119:android:bbbe3edaa5c21bf9538822",
        "android_client_info": {
          "package_name": "com.example.kiitanonchat"
        }
      },
      "oauth_client": [
        {
          "client_id": "168693674119-u7ucmaj69gf9ep5eu6vdmppib274fo1e.apps.googleusercontent.com",
          "client_type": 3
        }
      ],
      "api_key": [
        {
          "current_key": "AIzaSyAP9DLzN-s7nlO2EJ04jXaPPtDc42JM6vo"
        }
      ],
      "services": {
        "appinvite_service": {
          "other_platform_oauth_client": [
            {
              "client_id": "168693674119-u7ucmaj69gf9ep5eu6vdmppib274fo1e.apps.googleusercontent.com",
              "client_type": 3
            }
          ]
        }
      }
    }
  ],
  "configuration_version": "1"
}